receiver,posWeight,negWeight,relPrereq,eventsInMemory,globalAndMapEvents,relatedTopics,trait,responseTone,portrait,locations,speakerId,dialogue,effect_addEventToGlobal,effect_addEventToMap,effect_addToNPCMemory,effect_addToPlayerMemory,effect_relationshipEffect,effect_makeMostRelevantTopic,effect_closeTopic,effect_exit,effect_item
main_jonathan,,,,ArtifactNotFound,,MissingArtifact,,neut,,,player,I checked the storage unit just now and noticed that one of the new artifacts went missing. You know{comma} the plinth?,,,ArtifactNotFound,,,MissingArtifact,,,
main_cassandra,,,,ArtifactNotFound,,MissingArtifact,,neut,,,player,Hey Cass{comma} I just noticed that the starry plinth is gone from storage. Any ideas as to where it went?,,,ArtifactNotFound,,,MissingArtifact,,,
custodian,,,,ArtifactNotFound,,MissingArtifact,,neut,,,player,One of the artifacts was missing! Did you see where it went{comma} by any chance?,,,ArtifactNotFound,,,MissingArtifact,,,
custodian,,,,ArtifactNotFound,,MissingArtifact,,neg,,,player,An important artifact in next week's exhibit is gone. Have you gone to the storage room recently?,,,ArtifactNotFound,,,MissingArtifact,,,
assistant,,,,ArtifactNotFound,,MissingArtifact,,neut,,,player,Hey{comma} have you seen the starry plinth anywhere?,,,ArtifactNotFound,,,MissingArtifact,,,
any_receiver,,,,ArtifactNotFound,,LookingForDirector,,neut,,,player,Have you seen Director Virgil?,,,PlayerAskedDirectorWhereabouts,PlayerAskedDirectorWhereabouts,,LookingForDirector,,,
any_receiver,,,,ArtifactNotFound,,MissingArtifact,,neg,,,player,I have to report the missing artifact to the director. Is there... anything I need to know?,,,PlayerExpressedSuspicions,,-1,EndConversation,MissingArtifact,,
any_receiver,,,,ArtifactNotFound,,MissingArtifact,,pos,,,player,I'm going to have to report the missing artifact to the director. Let me know if you learn anything new{comma} okay?,,,,,2,EndConversation,MissingArtifact,TRUE,
any_receiver,,,,ArtifactNotFound,,MissingArtifact,,neut,,,player,I'm going to go report the missing artifact to the director. I'll be right back.,,,,,,EndConversation,MissingArtifact,TRUE,
main_jonathan,,,,ArtifactNotFound,,CameraInTheStorageRoom,,neut,,,player,Did you see anything in the security cameras by any chance?,,,Inquiry:SecurityCameras,,,CameraInTheStorageRoom,,,
main_jonathan,,,,DirectorWhereabouts:main_cassandra,,LookingForDirector,,neut,,,player,I've been looking for Director Virgil for a while. Have you seen him by any chance? Cassandra said they talked yesterday afternoon{comma} but that's it...,,,DirectorWhereabouts:Cass,,,LookingForDirector,,,
main_jonathan,,,,DirectorWhereabouts:main_jonathan,,LookingForDirector,,neut,,,player,I need to report that the plinth is gone. If he comes by{comma} let him know I need to see him.,,,,,,LookingForDirector,,,
main_jonathan,,,,PlayerCanUseJonathansPhone,,LookingForDirector,,neut,,,player,I haven't called him yet. I'll let you know when I do.,,,,,,LookingForDirector,,,
main_jonathan,,,,PlayerCanUseJonathansPhone,,LookingForDirector,,pos,,,player,Thanks{comma} Jonathan. I'll do that now.,,,PlayerCanUseJonathansPhone,,2,,,TRUE,
main_jonathan,,,,PlayerCanUseJonathansPhone,,LookingForDirector,,neut,,,player,I haven't called him yet...,,,PlayerUsedJonathansPhone,,,LookingForDirector,,,
main_jonathan,,,,DirectorVoicemail/PlayerCanUseJonathansPhone,PlayerUsedJonathansPhone,LookingForDirector,,neut,,,player,Called him and it went straight to voice mail.,,,DirectorVoicemail/PlayerUsedJonathansPhone,,,LookingForDirector,,,
main_jonathan,,,,DirectorVoicemail/PlayerCanUseJonathansPhone,PlayerUsedJonathansPhone,LookingForDirector,,neg,,,player,My call went straight to voice mail. Right when we need him the most{comma} am I right?,,,DirectorVoicemail/PlayerUsedJonathansPhone,,,LookingForDirector,,,
main_jonathan,,,,PlayerCanUseJonathansPhone,,LookingForDirector,,pos,,,player,Thanks{comma} Jonathan.,,,PlayerCanUseJonathansPhone,PlayerCanUseJonathansPhone,2,,,,
main_cassandra,,,,PlayerCanUseJonathansPhone,,LookingForDirector,,neut,,,player,Jonathan is letting me use his phone to call the director.,,,PlayerCanUseJonathansPhone,,,,,,
main_cassandra,,,,DirectorVoicemail/DirectorWhereabouts:Cassandra/PlayerCanUseJonathansPhone,PlayerUsedJonathansPhone,LookingForDirector,,neut,,,player,I called the director. It went straight to voice mail...,,,PlayerUsedJonathansPhone/DirectorVoicemail,,,,,,
main_cassandra,,,,DirectorVoicemail/PlayerCanUseJonathansPhone,PlayerUsedJonathansPhone,LookingForDirector,,neut,,,player,I called the director and it went straight to voice mail. Do you know where he is?,,,PlayerUsedJonathansPhone/DirectorVoicemail,,,,,,
assistant,,,,DirectorVoicemail/DirectorWhereabouts:Assistant/PlayerCanUseJonathansPhone,PlayerUsedJonathansPhone,LookingForDirector,,neut,,,player,Hey{comma} I called Director Virgil with Jonathan's phone and he left me with a voice mail. It's unlike him.,,,DirectorVoicemail,,,LookingForDirector,,,
assistant,,,,DirectorVoicemail/PlayerCanUseJonathansPhone,PlayerUsedJonathansPhone,LookingForDirector,,neut,,,player,Hey{comma} I called Director Virgil with Jonathan's phone and he left me with a voice mail. Do you know where he is?,,,DirectorVoicemail/PlayerAskedDirectorWhereabouts,,,LookingForDirector,,,
assistant,,,,DirectorMissing/DirectorVoicemail/DirectorWhereabouts:Assistant,,DirectorMissing,,neut,,,player,So he hasn't contacted you since yesterday? That's really unlike him.,,,DirectorMissing,,,DirectorMissing,,,
assistant,,,,DirectorMissing/DirectorVoicemail/DirectorWhereabouts:Assistant,,DirectorMissing,,neg,,,player,He hasn't contacted you since yesterday? You didn't bother reaching out or looking for him? That's your job.,,,DirectorMissing,,-5,DirectorMissing,,,
assistant,,,,DirectorMissing/DirectorVoicemail/DirectorWhereabouts:Assistant,,DirectorMissing,,pos,,,player,He hasn't contacted you once? With the plinth missing{comma} you must be losing your mind{comma} then...,,,DirectorMissing,,3,DirectorMissing,,,
assistant,,,,DirectorMissing,,DirectorMissing,,pos,,,player,What do you think we should do?,,,NextSteps:assistant,,6,DirectorMissing,,,
assistant,,,good,DirectorMissing,,DirectorMissing,,pos,,,player,What should we do... *visibly panic*,,,NextSteps:assistant/PlayerDemeanor:Nervous,,3,DirectorMissing,,,
assistant,,,good,DirectorMissing,,DirectorMissing,,neut,,,player,What should we do...,,,NextSteps:assistant,,,DirectorMissing,,,
assistant,,,bad,DirectorMissing,,DirectorMissing,,neg,,,player,Well. I guess this is your problem now.,,,PlayerPressuredTheAssistant,PlayerPressuredTheAssistant,-10,DirectorMissing,,,
assistant,,2,,DirectorMissing/PlayerPressuredTheAssistant,,DirectorMissing,,pos,,,player,Sorry{comma} I was kidding.,,,,,7,DirectorMissing,,,
assistant,,,,DirectorMissing,,DirectorMissing,,neut,,,player,I'll... I'll try to get to the bottom of this.,,,,,,DirectorMissing,,TRUE,
any_receiver,,,,DirectorMissing/PlayerDemeanor:Nervous,,DirectorMissing,,neg,,,player,The director is missing! *cry*,,,DirectorMissing/PlayerDemeanor:Nervous,,,DirectorMissing,,,
custodian,,,,DirectorMissing,,DirectorMissing,,neut,,,player,Apparently{comma} Annie isn't able to contact the director today. I need your help to deal with the plinth while he's not here.,,,PlayerAskedForHelp/PlayerAskedForHelp:custodian,PlayerAskedForHelp:custodian,,DirectorMissing,,,
assistant,,,,DirectorMissing/NextSteps:assistant/PlayerDemeanor:Nervous,,DirectorMissing,,neg,,,player,Please help me! I want to investigate in the director's office. Do you... have the keys?,,,PlayerAskedForHelp/PlayerAskedForHelp:assistant,PlayerAskedForHelp:assistant,-2,DirectorMissing,,,
assistant,,,,DirectorMissing/NextSteps:assistant,,DirectorMissing,,pos,,,player,Could you help me out? I'll investigate the director's office.,,,PlayerAskedForHelp/PlayerAskedForHelp:assistant,PlayerAskedForHelp:assistant,,DirectorMissing,,,
main_jonathan,,,,DirectorMissing,,DirectorMissing,,neut,,,player,Even the assistant doesn't know where the director is. We're pretty much on our own in solving this problem{comma} for now.,,,DirectorMissing,,,DirectorMissing,,,
main_cassandra,,,,DirectorMissing,,DirectorMissing,,neut,,,player,I've confirmed with the assistant that she doesn't know where the director is. We have to solve this on our own.,,,DirectorMissing,,,DirectorMissing,,,
main_jonathan,,,neut,JonathanHasKeysToOffice,,DirectorMissing/DirectorsOffice,,neut,,,player,Oh... can I have them?,,,PlayerAskedForKeys,,,DirectorMissing,,,
custodian,,,,DirectorMissing/PlayerAskedForHelp:custodian,,DirectorsOffice,,neut,,,player,Can you help me get into the director's office? To investigate.,,,PlayerBeggedForHelp,,,DirectorMissing,,,
custodian,,,,DeclinedToHelp:custodian/PlayerDemeanor:Nervous,,DirectorsOffice,,neg,,,player,Please! I'm begging you{comma} you have to help me out here! Is there anything I can do?!,,,PlayerBeggedForHelp,,,DirectorMissing,,,
assistant,,,,DeclinedToHelp:Assistant/PlayerDemeanor:Nervous,,ConvincingAssistant,,neg,,,player,Look{comma} my job is on the line too! My family... my life... if this artifact can't be found then why am I here?,,,ConvincingAssistant:GuiltTripping,ConvincingAssistant:GuiltTripping,,,,,
custodian,,,,DeclinedToHelp:custodian,,DirectorsOffice,,neut,,,player,Please? Maybe I can return the favor somehow. If we don't find that artifact{comma} all of us will get in trouble.,,,,,,DirectorMissing,,,
assistant,,,,DeclinedToHelp:Assistant,,ConvincingAssistant,,neut,,,player,You know the director won't mind if it's an emergency. *This* is an emergency.,,,ConvincingAssistant:DirectorWontMind,ConvincingAssistant:DirectorWontMind,,,,,
assistant,,,,DeclinedToHelp:Assistant,,ConvincingAssistant,,pos,,,player,I'm sure you won't get in trouble if the director finds out. This is an emergency situation. Wouldn't you like it if he discovers *you* helped *me* find out where it is?,,,ConvincingAssistant:DirectorWontMind,ConvincingAssistant:DirectorWontMind,,,,,
assistant,,,,DeclinedToHelp:Assistant,,ConvincingAssistant,,neg,,,player,Losing an artifact so close to the exhibit... that's worse than letting me enter his office. Honestly{comma} if you won't help me{comma} you might get into worse trouble.,,,ConvincingAssistant:InTrouble,ConvincingAssistant:InTrouble,-3,,,,
assistant,,,,DeclinedToHelp:Assistant,,ConvincingAssistant,,pos,,,player,I'm helping you out too{comma} {assistant}. I... I see that Director Virgil overworks you. And I see that he's harsh on you...,,,ConvincingAssistant:Overworked,ConvincingAssistant:Overworked,,,,,
assistant,,,,DeclinedToHelp:Assistant,,ConvincingAssistant,,neg,,,player,Look{comma} I know the director treats you badly. What do you think will happen if he finds out you stood by while an important artifact is missing?,,,ConvincingAssistant:Overworked,ConvincingAssistant:Overworked,-7,,,,
assistant,,,,DeclinedToHelp:Assistant,,ConvincingAssistant,,neut,,,player,I hate to say this{comma} but if he's mean to you now... he might be meaner if you don't help me find this.,,,ConvincingAssistant:InTrouble,ConvincingAssistant:InTrouble,,,,,
assistant,,,,DeclinedToHelp:Assistant,,ConvincingAssistant,,pos,,,player,You might get in trouble if we don't find this either way. But if we find it... I'll make sure to give you the lion's share of the credit.,,,ConvincingAssistant:InTrouble,ConvincingAssistant:InTrouble,7,,,,
any_receiver,,,,,PlayerEnterDirectorsOffice,DirectorsOffice,,neut,,,player,I got inside the director's office now.,,,PlayerEnterDirectorsOffice,,,,,,
custodian,,,,PlayerAskedForHelp:custodian/DeclinedToHelp:custodian,PlayerEnterDirectorsOffice,DirectorsOffice,,neg,,,player,I don't need you anymore. I got inside the director's office.,,,PlayerEnterDirectorsOffice,,,,,,
any_receiver,,,,KeyInDirectorsOffice,PlayerEnterDirectorsOffice,DirectorsOffice,,neut,,,player,There's a key on the floor. Do you know whose it is?,,,KeyInDirectorsOffice,,,,,,
any_receiver,,,,ShowItem:card_from_beth,PlayerEnterDirectorsOffice,DirectorsOffice,,neut,,,player,I may have snooped through the director's safe and found a card from some woman. I have it here.,,,ShowItem:card_from_beth/PlayerSnoopedThroughSafe,,,CardFromBeth,,,
any_receiver,,,,PlayerSawCardOfWoman,PlayerEnterDirectorsOffice,DirectorsOffice,,neut,,,player,The director's safe was open and I saw a card of some woman named Beth. Of course{comma} I didn't take it... Do you know who Beth is?,,,PlayerSawCardOfWoman,,,CardFromBeth,,,
any_receiver,,,,PlayerSawCardOfWoman,PlayerEnterDirectorsOffice,DirectorsOffice,,neg,,,player,The director's safe was open and I saw a card of some woman named Beth. Of course{comma} I didn't take it... Unless you want to see?,,,PlayerSawCardOfWoman/PlayerSnoopedThroughSafe,,,CardFromBeth,,,
main_jonathan,,,,ShowItem:card_from_beth,PlayerEnterDirectorsOffice,CardFromBeth,,neut,,,player,So I saw the card of from a woman named 'Beth' from the director's open safe. Do you know who that is?,,,ShowItem:card_from_beth,,,,,,
main_cassandra,,,,ShowItem:card_from_beth,PlayerEnterDirectorsOffice,CardFromBeth,,neut,,,player,After investigating the director's office I saw this card from 'Beth.' Do you know who that is?,,,ShowItem:card_from_beth,,,CardFromBeth,,,
any_receiver,,,,RichWomanAndDirector,PlayerEnterDirectorsOffice,CardFromBeth/DirectorsFrequentVisitor,,neut,,,player,Do you know anything about the woman that visits the director often?,,,RichWomanAndDirector,,,DirectorsFrequentVisitor,,,
assistant,,,,RichWomanAndDirector/RichWomanBringsGifts,PlayerEnterDirectorsOffice,DirectorsFrequentVisitor,,,,,player,I assume you see her often{comma} because she drops things off to you. What does she look like?,,,VisitorAppearance,VisitorAppearance,,DirectorsFrequentVisitor,,,
main_jonathan,,,,RichWomanAndDirector/WhoIsBeth:Cassandra,PlayerEnterDirectorsOffice,CardFromBeth,,,,,player,Cass thinks 'Beth' could be the rich woman that visits often. Do you know about that?,,,RichWomanAndDirector/WhoIsBeth:Cassandra,,,DirectorsFrequentVisitor,,,
main_jonathan,,1,,WomanInStorage,,CameraInTheStorageRoom,,neg,,,player,There was a woman in the storage room last night?! Why didn't you tell me?!,,,WomanInStorage:PlayerKnows,,,,,,
main_jonathan,,,,WomanInStorage,,CameraInTheStorageRoom,,neut,,,player,There was a woman in the storage room last night?!,,,WomanInStorage:PlayerKnows,,,,,,
main_jonathan,,,,ShowItem:card_from_beth/WomanInStorage/WomanInStorage:Beth,,CardFromBeth,,,,,player,What makes you think the woman in the cameras is 'Beth?',,,,,,,,,
any_receiver,,,,DirectorVoicemail,,LookingForDirector,,neut,,,player,I'll ask other people if they know about the director's situation. Maybe someone has talked to them within the day.,,,,,,,,TRUE,
main_jonathan,,,,DirectorMissing,,DirectorMissing/DirectorsOffice,,,,,player,Can you help me out somehow? I want to investigate this.,,,PlayerAskedForHelp,PlayerAskedForHelp:main_jonathan,,DirectorsOffice,,,
main_jonathan,,,,KeyInDirectorsOffice,,DirectorMissing/DirectorsOffice,,neg,,,player,Hmmph. Why did you tell me about it then? That information is useless.,,,,,-5,DirectorsOffice/EndConversation,,,
main_jonathan,,,,KeyInDirectorsOffice,,DirectorMissing/DirectorsOffice,,neut,,,player,Oh{comma} it's all right. Thanks for letting me know. I'll ask if the assistant or custodian can help me.,,,,,-5,DirectorsOffice/EndConversation,,,
main_jonathan,,,,NotDirectorsWife,,CardFromBeth,,neut,,,player,Ah{comma} the card does seem a little too affectionate.,,,,,,CardFromBeth,,,
main_jonathan,,,,NotDirectorsWife/ShowItem:card_from_beth/WomanInStorage,,TheFounder,,neut,,,player,The... Founder?,,,PlayerAskedAboutTheFounder,,,TheFounder,,,
main_jonathan,,,,NotDirectorsWife/ShowItem:card_from_beth/WomanInStorage/DirectorAttractsBadPeople,,CardFromBeth/TheFounder,,neut,,,player,What kind of people does the director attract?,,,,,,CardFromBeth,,,
main_jonathan,,,,LearnAboutTheFounder,,TheFounder,,neut,,,player,What do you think of the founder?,,,JonathansThoughtsOnFounder,JonathansThoughtsOnFounder,,,,,
main_jonathan,,,,LearnAboutTheFounder,,TheFounder,,neut,,,player,How do you know this?,,,FounderInfo:JonathansSources,FounderInfo:JonathansSources,,,,,
main_jonathan,,,,LearnAboutTheFounder,,TheFounder,,neut,,,player,Could 'Beth' possibly be the founder?,,,FounderIdentity:Beth,FounderIdentity:Beth,,,,,
main_jonathan,,,,LearnAboutTheFounder/WhoIsBeth:Cassandra/FounderIdentity:Beth,,DirectorsFrequentVisitor/CardFromBeth,,neut,,,player,I asked Cassandra about 'Beth{comma}' too. She thinks it's the woman that always drops by the museum. Since you mostly guard the museum{comma} you must know what she looks like{comma} right?,,,Beth:DirectorsVisitor/WhoIsBeth:Cassandra,,,,,,
assistant,,,,LearnAboutTheFounder/WhoIsBeth:Cassandra/FounderIdentity:Beth/ShowItem:card_from_beth,,DirectorsFrequentVisitor/CardFromBeth,,,,,player,Cassandra thinks that the woman in this card{comma} 'Beth{comma}' is a woman that often visits the museum{comma} and that she's also Beth.,,,DirectorsFrequentVisitor/FounderIdentity:Beth,DirectorsFrequentVisitor/FounderIdentity:Beth,,,,,
assistant,,,,LearnAboutTheFounder/WhoIsBeth:Cassandra/FounderIdentity:Beth/ShowItem:card_from_beth/RichWomanAndDirector,,DirectorsFrequentVisitor/CardFromBeth,,,,,player,Cassandra thinks that the woman in this card{comma} 'Beth{comma}' is the rich woman we talked about earlier.,,,Beth:DirectorsVisitor/WhoIsBeth:Cassandra,,,,,,
main_jonathan,,,,LearnAboutTheFounder/WhoIsBeth:Cassandra/FounderIdentity:Beth/RichWomanBringsGifts,,DirectorsFrequentVisitor,,,,,player,I asked Cassandra about 'Beth{comma}' too. She thinks it's the woman that always drops by the museum. Plus{comma} the other staff talks about the same woman bringing gifts every time she drops by.,,,RichWomanBringsGifts/RichWomanAndDirector,,,,,,
main_jonathan,,,,WomanInStorage/JonathanWatchingCameras/RichWomanAndDirector/RichWomanBringsGifts/WhoIsBeth:Cassandra/LearnAboutTheFounder/FounderIdentity:Beth,,CameraInTheStorageRoom,,,,,player,If we're working with the idea that Beth{comma} the founder{comma} and the director's lady visitor are all one and the same{comma} then you must have recognized her in the cameras.,,,,,,,,,
main_jonathan,,,,WomanInStorage/NoWomanInStorage,,CameraInTheStorageRoom,,neut,,,player,I checked the footage at the time stamp you were talking about. There was no woman there.,,,NoWomanInStorage,,,,,,
main_jonathan,,,,WomanInStorage/NoWomanInStorage,,CameraInTheStorageRoom,,neg,,,player,Were you lying? There weren't any women in the security footage last night.,,,NoWomanInStorage,,,,,,
main_jonathan,,,,WomanInStorage/WomanInStorage:Beth/FounderIdentity:Beth/NoWomanInStorages,,CameraInTheStorageRoom,,neg,,,player,I'll be honest{comma} Jonathan. The fact that there was no woman at all makes me think that you want to throw the founder under the bus somehow. Why?,,,NoWomanInStorage/FounderIdentity:Beth/WomanInStorage:Beth,,,,,,
main_jonathan,,,,,Confrontation,CassandrasOutburst,,,,,player,I take it you've heard about the director and Cassandra's fight?,,,TalkAboutConfrontation,,,,,,
main_jonathan,,,,,Confrontation,DirtyGardenBeds,,,,,player,Was there anyone or anything suspicious outside throughout the night? The director is complaining about the messy garden beds out front. It's normally not like that.,,,AskAboutSuspiciousActivity,,,,,,
main_jonathan,,,,WomanInStorage/WomanInStorage:Beth/FounderIdentity:Beth/NoWomanInStorages,,PlayerSuspiciousOfJonathan,,neut,,,player,Are you hiding something{comma} Jonathan? The cameras didn't show anything. You were quick to throw the founder under the bus without any proof.,,,PlayerIsInvestigating,,,,,,
any_receiver,,,,,Confrontation,CassandrasOutburst,,neut,,,player,I'm trying to piece things together once and for all. The director asked me to{comma} after all that happened recently.,,,PlayerIsInvestigating,,,,,,
assistant,,,,,Confrontation,CassandrasOutburst,,,,,player,I assume you're heard of Cassandra's outburst a while ago? She stormed into the director's office looking for the plinth.,,,TalkAboutConfrontation,,,,,,
assistant,,,,,Confrontation,CassandraAndDirector,,,,,player,Do you have any idea why Cassandra would think badly of the director?,,,Inquiry:CassandrasThoughtsOnDirector,,,Investigation:Director/Investigation:Cassandra,,,
main_jonathan,,,,OverdueBills/JonathansCalendar/April20th:MarkedByJonathan,,Investigation:Jonathan,,pos,,,player,I've seen the calendar in your booth. Seems like you have a lot of bills that are past their due. Are you alright?,,,PlayerAskedAboutOverdueBills,,,,,,
main_jonathan,,,,April20th/OverdueBills/JonathansCalendar/April20th:MarkedByJonathan/DirectorFirstName:Jonathan/Jonathan:DirectorIsAPrivatePerson/DirectorTrustsJonathan,,Investigation:Jonathan,,neut,,,player,I'm sorry for this{comma} but I also saw that the 20th of April was marked as a birthday in your calendar. Do you know the director's daughter{comma} by any chance?,,,April20th:MarkedByJonathan,April20th:MarkedByJonathan,,,,,
main_jonathan,,,,April20th/OverdueBills/JonathansCalendar/April20th:MarkedByJonathan/DirectorFirstName:Jonathan/Jonathan:DirectorIsAPrivatePerson/DirectorTrustsJonathan,,Investigation:Jonathan,,neut,,,player,I guess I ask because I've noticed that you seem to talk about the director more casually.,,,,,,,,,
main_jonathan,,,,DirectorFirstName:Jonathan,,Investigation:Jonathan,,neg,,,player,I notice you sometimes accidentally mention him by name. No offense{comma} but usually security guards treat the director with more respect...,,,DirectorFirstName:Jonathan,DirectorFirstName:Jonathan,,,,,
main_jonathan,,,,DirectorFirstName:Jonathan,,Investigation:Jonathan,,neut,,,player,I notice how you often accidentally speak of him on a first-name basis. I mean{comma} you use 'Ma'am' with me and Cass all the time{comma} so it's curious how you mention the director by name when you don't do that to anyone else.,,,DirectorFirstName:Jonathan,DirectorFirstName:Jonathan,,,,,
main_jonathan,,,,DirectorFirstName:Jonathan/DirectorTrustsJonathan/Jonathan:DirectorIsAPrivatePerson,,Investigation:Jonathan,,neut,,,player,You seem to mention the director by his first name accidentally a lot. You also mentioned he trusts you... and that he's a private person. Do you guys know each other personally?,,,DirectorFirstName:Jonathan,DirectorFirstName:Jonathan,,,,,
main_jonathan,,,,NoWomanInStorage/DirectorInfatuatedWithFounder/WomanInStorage:Beth/FounderIdentity:Beth/FriendsWithDirector:Jonathan,,Investigation:Jonathan/CameraInTheStorageRoom,,,,,player,Is the director's... infatuation... the reason why you claimed to see a woman that looks like Beth in the security cameras?,,,Inquiry:DirectorsInfatuation,,,,,,
main_jonathan,,,,FriendsWithDirector:Jonathan/Cassandra:TensionWithDirector,,Investigation:Jonathan/CassandrasOutburst,,,,,player,Given that you're friends with the director{comma} do you know why he'd have tension with Cassandra? I've heard from staff that they often overhear them fight.,,,Cassandra:TensionWithDirector,,,,,,
main_jonathan,,,,NoWomanInStorage/DirectorInfatuatedWithFounder/WomanInStorage:Beth/FounderIdentity:Beth/FriendsWithDirector:Jonathan/JonathanProtectingDirector,,Investigation:Jonathan/CameraInTheStorageRoom,,neg,,,player,"Why do you think framing the founder will ""protect"" the director?",,,JonathanProtectingDirector,,,,,,
main_jonathan,,,,NoWomanInStorage/DirectorInfatuatedWithFounder/WomanInStorage:Beth/FounderIdentity:Beth/FriendsWithDirector:Jonathan/JonathanProtectingDirector,,Investigation:Jonathan/CameraInTheStorageRoom,,neut,,,player,But how does pointing fingers at the founder protect Director Virgil?,,,JonathanProtectingDirector,,,,,,
main_jonathan,,,,FriendsWithDirector:Jonathan/Cassandra:TensionWithDirector,,Investigation:Jonathan/CassandrasOutburst,,,,,player,I'll ask other people{comma} then.,,,,,,,,TRUE,
main_jonathan,,,,OverdueBills,,Investigation:Jonathan,,,,,player,Looks like you're struggling financially.,,,OverdueBills/PlayerAskedAboutOverdueBills,,,,,,
assistant,,,,DirectorsOpinion:PlinthIsUnimportant/Cassandra:TensionWithDirector,Confrontation,Investigation:Director,,,,,player,It doesn't seem logical for the director to just discard the plinth just because he doesn't think it's important{comma} though.,,,PlinthIsUnimportant:IsIllogical,,,,,,
custodian,,,,WhoIsBeth:Cassandra,,DirectorsFrequentVisitor/CardFromBeth,,,,,player,Cassandra thinks that the woman in this card{comma} 'Beth{comma}' is a woman that often visits the museum.,,,WhoIsBeth:Cassandra,,,,,,
custodian,,,,RichWomanAndDirector/WhoIsBeth:Cassandra,,DirectorsFrequentVisitor/CardFromBeth,,,,,player,Cassandra thinks that the woman in this card{comma} 'Beth{comma}' is the rich woman we talked about earlier.,,,WhoIsBeth:Cassandra,,,,,,
custodian,,,,,Confrontation,CassandrasOutburst,,,,,player,Do you know why Cassandra went off on the director?,,,CassandrasOutburst:Reason,,,,,,
custodian,,,,CassandraThreatenedToQuit,Confrontation,CassandrasOutburst,,,,Floor1,player,Did you know that Cassandra had threatened to quit multiple times? Have you heard of her reasons?,,,CassandraThreatenedToQuit,,,,,,
custodian,,,,,Confrontation,CassandraAndDirector,,,,Floor2,player,What do you know about the director and Cassandra's relationship as of late?,,,Inquiry:DirectorAndCassandra,,,,,,
main_cassandra,,,,,Confrontation,CassandrasOutburst,,neg,,,player,I'm trying to piece things together once and for all. The director asked me to{comma} after your little outburst.,,,PlayerIsInvestigating,,,,,,
main_cassandra,,,,,PlayerEnterDirectorsOffice,DirectorsOffice,,neut,,,player,I got into the director's office with the assistant's help. The director sure is harsh on her. She was terrified of getting in trouble.,,,HelpedPlayerEnter:assistant,,,,,,
main_cassandra,,,,,PlayerEnterDirectorsOffice,DirectorsOffice,,neg,,,player,I got into the director's office. The custodians helped me out... albeit unknowingly...,PlayerStoleCustodiansKey,,PlayerEnterDirectorsOffice/HelpedPlayerEnter:custodian,,,,,,
main_cassandra,,,,,PlayerEnterDirectorsOffice,DirectorsOffice,,neut,,,player,The custodian helped me get into the director's office. Wanna know what I found?,,,PlayerEnterDirectorsOffice/HelpedPlayerEnter:custodian,,,,,,
main_cassandra,,,,,Confrontation,CassandrasOutburst,,,,,player,So what was that outburst about?,,,Inquiry:CassandrasOutburst,,,,,,
main_cassandra,,,,CassandraThreatenedToQuit,,Investigation:Cassandra,,,,,player,I heard you actually threatened to quit over your differences with the director. Is that true?,,,CassandraThreatenedToQuit,,,,,,
main_cassandra,,,,ReasonForOutburst:CassandrasSuspicions,,CassandrasOutburst,,neg,,,player,Why do you think the director would do that? He only has the museum's best interests at heart.,,,PlayerDisbelief:DirectorSellThePlinth:Reasons,,,,,,
main_cassandra,,,,ReasonForOutburst:CassandrasSuspicions,,CassandrasOutburst,,neut,,,player,Why would the director do that?,,,DirectorSellThePlinth:Reasons,,,,,,
main_cassandra,,,,CassandraThreatenedToQuit/ReasonForOutburst:CassandraSuspicions,,CassandrasOutburst,,,,,player,You confronted the director because of the plinth... then is it reasonable to assume you threatened to quit because of that too?,,,DirectorSellThePlinth:CassThreatensToQuit,,,,,,
main_cassandra,,,,Cassandra:TensionWithDirector,,Investigation:Cassandra,,,,,player,Since when were you having these problems with the director?,,,Cassandra:TensionWithDirector,,,,,,
main_cassandra,,,,ReasonForOutburst:CassandrasSuspicions/DirectorsOpinion:PlinthIsUnimportant,,Investigation:Cassandra,,,,,player,I see. What did he want to do with it?,,,PlinthIsUnimportant:NextStep,,,,,,
main_cassandra,,,,ReasonForOutburst:CassandrasSuspicions/DirectorsOpinion:PlinthIsUnimportant,LearnAboutFounder,Investigation:Cassandra,,,,,player,Does the founder have anything to do with this?,,,ThePlinth:Founder,,,,,,
assistant,,,,CassandraThreatenedToQuit/DirectorsOpinion:PlinthIsUnimportant,,Investigation:Cassandra,,,,,player,I heard from the custodians that they overheard Cassandra threatening to quit. Did you know about this?,,,CassandraThreatenedToQuit,,,,,,
assistant,,,,SellThePlinth:Founder,,Investigation:Cassandra,,,,,player,Does Cassandra know about this?,,,SellThePlinth:CassandrasThoughts,,,,,,
assistant,,,,DirectorsOpinion:PlinthIsUnimportant,,Investigation:Director,,,,,player,If it's unimportant{comma} what did the director plan on doing with it?,,,PlinthIsUnimportant:NextStep,,,,,,
assistant,,,,SellThePlinth:Founder,,TheFounder,,,,,player,Why the founder{comma} specifically?,,,SellThePlinth:Founder:Reason,,,,,,
assistant,,,,SellThePlinth:Founder/RichWomanAndDirector,,TheFounder,,,,,player,The founder... do you think it's the rich woman visiting the director?,,,RichWomanAndDirector,,,,,,
main_cassandra,,,,,,CassandrasInjury,,,,,player,Hey Cass. What's up with your arm?,,,PlayerInquiry:Arm,PlayerInquiry:Arm,,,,,
main_cassandra,,,,InjuryCause:BrokenCabinet/PlayerInquiry:Arm,,CassandrasInjury,,,,,player,What? I'll let the custodians know that we need to fix that.,,,PlayerReaction:CustodianFix,PlayerReaction:CustodianFix,,,,,
main_cassandra,,,,InjuryCause:BrokenCabinet/PlayerInquiry:Arm,,CassandrasInjury,,,,,player,Gee{comma} okay{comma} I'll let the director know that he needs to replace that cabinet.,,,PlayerReaction:DirectorFix,PlayerReaction:DirectorFix,,,,,
main_cassandra,,,,InjuryCause:BrokenCabinet/Cassandra:TensionWithDirector,,CassandraAndDirector/Investigation:Cassandra,,,,,player,Is everything okay with the two of you?,,,Inquiry:CassandraAndDirector,,,,,,
main_cassandra,,,,Cassandra:TensionWithDirector/DirectorsOpinion:SellThePlinth,,CassandraAndDirector/Investigation:Director,,neut,,,player,Why in the world will he want to sell the plinth?,,,DirectorSellThePlinth:Reasons,,,,,,
main_cassandra,,,,Cassandra:TensionWithDirector/DirectorsOpinion:SellThePlinth,,CassandraAndDirector/Investigation:Director,,neg,,,player,There's no way he'll sell the plinth. You're crazy.,,,PlayerDisbelief:DirectorSellThePlinth,,,,,,
main_cassandra,,,,Cassandra:TensionWithDirector/DirectorsOpinion:SellThePlinth/DirectorsOpinion:PlinthIsUnimportant,,CassandraAndDirector/Investigation:Director,,,,,player,Who would he even sell that to?,,,DirectorSellThePlinth:Buyer,,,,,,
main_cassandra,,,,,,CassandrasInjury,,,,,player,When did you get that injury?,,,Inquiry:CassInjuryTime,,,,,,
main_cassandra,,,,Alibi:DaggerResearch,,CassandrasInjury,,,,,player,Ah{comma} right. Then you were probably too busy with the dagger when the plinth disappeared.,,,Cassandra:BusyDuringDisappearance,,,,,,
main_cassandra,,,,Alibi:DaggerResearch/WomanInStorage,,CameraInTheStorageRoom,,,,,player,I see{comma} I see. Jonathan actually told me about a woman in the cameras of the storage room. Have you seen anyone else in the second floor as you worked?,,,JonathanWatchingCameras/WomanInStorage,JonathanWatchingCameras/WomanInStorage,,,,,
main_cassandra,,,,Alibi:DaggerResearch/WomanInStorage/NoWomanInStorage,,CameraInTheStorageRoom,,,,,player,Actually{comma} Jonathan said he saw a woman in the storage room cameras... Maybe you know something about that?,,,JonathanWatchingCameras/WomanInStorage,JonathanWatchingCameras/WomanInStorage,,,,,
main_cassandra,,,,,Confrontation,Investigation:Cassandra,,,,,player,Where were you when the plinth disappeared{comma} approximately around past midnight?,,,Cassandra:Alibi,,,,,,
main_cassandra,,,,InjuryTime:BeforeClosing,,CassandrasInjury,,neg,,,player,I see. It's probably not relevant to the missing plinth{comma} then.,,,,,,,,,
main_cassandra,,,,InjuryTime:BeforeClosing,,CassandrasInjury,,neut,,,player,I see. That's all I got to say about that for now.,,,,,,,CassandrasInjury,TRUE,
main_cassandra,,,,InjuryCause:BrokenCabinet/InjuryTime:BeforeClosing,,CassandrasInjury,,,,,player,I wanna talk about your injury again.,,,,,,,,,
main_cassandra,,,,ShowItem:bloody_tissue,,CassandrasInjury,,,,,player,I found a bloodied tissue in the bathrooms. The wound bled that much?,,,ShowItem:bloody_tissue,ShowItem:bloody_tissue,,,,,
main_cassandra,,,,FlowerInBathroom,,CassandrasInjury,,,,,player,What's up with the bloody flower in the trash?,,,FlowerInBathroom,FlowerInBathroom,,,,,
main_cassandra,,,,CustodianTestimony:NoInjury,,CassandrasInjury,,,,,player,I talked to both of the custodians{comma} and I've been told that they talked to you during closing time and didn't see any scratches on you.,,,CustodianTestimony:NoInjury,,,,,,
main_cassandra,,,,ShowItem:bloody_flower,,CassandrasInjury,,neg,,,player,I fished this out of the trash. (You show her the bloody flower) Why would there be a flower in the trash{comma} and why would it have blood on it?,,,ShowItem:bloody_flower,,,,,,
main_cassandra,,,,CustodianTestimony:NoInjury/CassandrasRequest:Custodian/InjuryTime:BeforeClosing,,CassandrasInjury,,neut,,,player,You told the custodians to avoid tidying up the office because you'll be staying in the museum to research overnight. You weren't injured then.,,,CassandrasRequest:Custodian/CustodianTestimony:NoInjury,,,,,,
main_cassandra,,,,CassandrasRequest:Custodian,,CassandrasInjury,,neut,,,player,I was told you requested the custodians to avoid tidying the office before they leave because you're staying here overnight.,,,CassandrasRequest:Custodian,,,,,,
main_cassandra,,,,CustodianTestimony:NoInjury/JonathanTestimony:WithInjury/CassandrasRequest:Custodian/JonathansFirstVisit/JonathansFirstVisit:TwoHrsAfterClosed,,CassandrasInjury,,,,,player,The timing of your cut wasn't consistent. What's the truth?,,,InjuryTime:CassLied,InjuryTime:CassLied,,,,,
main_cassandra,,,,JonathanTestimony:WithInjury/JonathansFirstVisit:TwoHrsAfterClosed/JonathansFirstVisit,,CassandrasInjury,,,,,player,Jonathan told me you were injured{comma} but he said he saw you on his visit to the curator's office{comma} two hours after closing.,,,JonathanTestimony:WithInjury/JonathansFirstVisit:TwoHrsAfterClosed/JonathansFirstVisit,,,,,,
main_cassandra,,,,JonathansFirstVisit,,JonathanVisitedCassandra,,,,,player,Why did Jonathan visit you that night? I'd like to hear your side.,,,JonathansVisit:CassandraTestimony,,,,,,
main_cassandra,,,,InjuryTime:CassLied,,CassandrasInjury,,,,,player,Why would you lie about that?,,,Inquiry:CassandraLiedAboutInjury,,,,,,
main_cassandra,,,,InjuryTrueTime:DaggerResearch/BrokenCabinet,,CassandrasInjury,,,,,player,But the cause is still the same? The broken steel cabinet cut you?,,,Inquiry:CassLiedAboutInjuryTime:SameCause,,,,,,
main_cassandra,,,,InjuryTrueTime:DaggerResearch/InjuryTime:CassLied/FlowerInBathroom,,CassandrasInjury,,,,,player,What about the flower? Why did it end up in the trash?,,,Inquiry:BloodyFlower,,,,,,
main_cassandra,,,,InjuryTrueTime:DaggerResearch/InjuryTime:CassLied/ShowItem:bloody_flower/FlowerInBathroom:FromGardenBed/PlayerCheckedGardenBed,,CassandrasInjury,,neg,,,player,Let's talk about your cut again. You better not be lying this time.,,,,,,StartConversation/CassandrasInjury,,,
main_cassandra,,,,InjuryTrueTime:DaggerResearch/InjuryTime:CassLied/ShowItem:bloody_flower/FlowerInBathroom:FromGardenBed/PlayerCheckedGardenBed,,CassandrasInjury,,neut,,,player,I want to talk about your cut again. I've discovered new information.,,,,,,CassandrasInjury,,,
main_cassandra,,,,InjuryTrueTime:DaggerResearch/InjuryTime:CassLied/ShowItem:bloody_flower/FlowerInBathroom:FromGardenBed/PlayerCheckedGardenBed,,CassandrasInjury,,neut,,,player,This flower comes from the shrubs outside. Interestingly enough{comma} before everyone left{comma} the garden bed was undisturbed.,,,PlayerCheckedGardenBed/FlowerInBathroom:FromGardenBed,,,,,,
main_cassandra,,,,ShowItem:bloody_flower/FlowerInBathroom:FromGardenBed/PlayerCheckedGardenBed/PlayerCheckedGardenBed:ThornyShrub,,CassandrasInjury,,neut,,,player,The shrubs that this flower comes from is thorny.,,,PlayerCheckedGardenBed:ThornyShrub,,,,,,
main_cassandra,,,,InjuryTrueTime:DaggerResearch/InjuryTime:CassLied/ShowItem:bloody_flower/FlowerInBathroom:FromGardenBed/PlayerCheckedGardenBed/PlayerCheckedGardenBed:ThornyShrub,,CassandrasInjury,,neut,,,player,This flower comes from the shrubs outside. Interestingly enough{comma} before everyone left{comma} the garden bed was undisturbed. Plus{comma} I've checked and saw that this shrub is filled with large thorns.,,,PlayerCheckedGardenBed:ThornyShrub/PlayerCheckedGardenBed/FlowerInBathroom:FromGardenBed,,,,,,
main_cassandra,,,,InjuryTrueTime:DaggerResearch/InjuryTime:CassLied/ShowItem:bloody_flower/FlowerInBathroom:FromGardenBed/PlayerCheckedGardenBed/PlayerCheckedGardenBed:ThornyShrub,,CassandrasInjury,,neut,,,player,Tell me the truth{comma} Cass. Did you mess with the garden bushes outside?,,,CassandrasInjury:RequestedTruth,,,,,,
main_cassandra,,,,InjuryTrueCause:GardenShrubs,,CassandrasInjury,,,,,player,Why would you do that? You've gotten yourself hurt in the process.,,,,,,,,,
main_cassandra,,,,InjuryTrueCause:GardenShrubs/Cassandra:BuriedTimeCapsule,,CassandrasInjury,,neg,,,player,A... time capsule?,,,TimeCapsule:Explanation,TimeCapsule:Explanation,,,,,
main_cassandra,,,,InjuryTrueCause:GardenShrubs/Cassandra:BuriedTimeCapsule,,CassandrasInjury,,,,,player,Wha-why would you bury a time capsule in a museum of all places? And why in the middle of the night.,,,TimeCapsule:Explanation,TimeCapsule:Explanation,,,,,
any_receiver,,,,KeyInDirectorsOffice/ShowItem:key_in_directors_office,,Investigation:Director,,,,,player,I saw a key to the storage unit in the director's office. Do you know whose key this is?,,,KeyInDirectorsOffice,,,,,,
main_cassandra,,,,KeyInDirectorsOffice/ShowItem:key_in_directors_office/KeyInDirectorsOffice:Cassandras,,Investigation:Director,,,,,player,How did your key get into the director's office?,,,KeyInDirectorsOffice:Cassandras,,,,,,
main_cassandra,,,,KeyInDirectorsOffice/ShowItem:key_in_directors_office/KeyInDirectorsOffice:Cassandras,,Investigation:Director,,,,,player,Do you think... the director took them?,,,DirectorStoleCassandrasKeys,,,,,,
main_jonathan,,,,KeyInDirectorsOffice/ShowItem:key_in_directors_office/KeyInDirectorsOffice:Cassandras,,Investigation:Director,,,,,player,I found Cass's keys in the director's office. Strange{comma} isn't it?,,,KeyInDirectorsOffice:Cassandras,,,,,,
main_jonathan,,,,KeyInDirectorsOffice/ShowItem:key_in_directors_office/KeyInDirectorsOffice:Cassandras/FriendsWithDirector:Jonathan,,Investigation:Director,,neg,,,player,I found Cass's keys in the director's office. I'm just going to come out and say it--do you think the director stole them? You know him well enough.,,,KeyInDirectorsOffice:Cassandras/FriendsWithDirector:Jonathan,,,,,,
main_jonathan,,,,KeyInDirectorsOffice/ShowItem:key_in_directors_office/KeyInDirectorsOffice:Cassandras/FriendsWithDirector:Jonathan,,Investigation:Director,,,,,player,Cass's keys are in the director's office. I know you're closer to the director than all of us combined{comma} so... do you know how it got there?,,,KeyInDirectorsOffice:Cassandras/FriendsWithDirector:Jonathan,,,,,,
main_jonathan,,,,,Confrontation,Investigation:Jonathan,,,,,player,Where were you at the time that the plinth disappeared?,,,Inquiry:JonathanWhereaboutsDuringDisappearance,,,,,,
main_jonathan,,,,JonathanVisitsCassandra,,Investigation:Jonathan,,,,,player,About how many times were you visiting{comma} and why?,,,Inquiry:JonathanVisit:Frequency,,,,,,
main_jonathan,,,,JonathanVisitsCassandra,,Investigation:Jonathan/CassandrasInjury,,,,,player,Did you notice that Cass was injured then?,,,Inquiry:JonathanVisit:CassInjury,,,,,,
main_jonathan,,,,JonathanVisitsCassandra/JonathanVisitedTwice,,CassandrasInjury,,,,,player,At which visit did you notice Cass's injury?,,,Inquiry:JonathanVisit:CassInjury/WhichVisit,,,,,,
main_jonathan,,,,JonathanVisitsCassandra/JonathanVisitedTwice,,JonathanVisitedCassandra,,,,,player,Why did you visit those two times?,,,Inquiry:JonathanVisit:Reason,,,,,,
main_jonathan,,,,JonathansInterest:Artifacts/BookInJonathansBooth/JonathanVisitsCassandra/JonathanVisitedTwice,,JonathanVisitedCassandra/AboutJonathan,,,,,player,You did have a lot of books about Port Vonn in your booth. I believe you for the first visit.,,,BooksInJonathansBooth,,,,,,
main_jonathan,,,,JonathanVisitsCassandra/JonathanVisitedTwice/SecondVisitReason:WomanInStorages/CassNoInfo:WomanInStorages,,JonathanVisitedCassandra,,,,,player,I did talk to Cass about the woman in the cameras{comma} but she doesn't know what that was about.,,,CassDoesntKnowAboutWomanInStorages,,,,,,
main_jonathan,,,,JonathanVisitsCassandra/JonathanVisitedTwice/SecondVisitReason:WomanInStorages/NoWomanInStorage,,JonathanVisitedCassandra,,,,,player,But there wasn't a woman in the cameras.,,,Contradiction:NoWomanInStorage,,,,,,
main_jonathan,,,,JonathanVisitsCassandra/JonathanVisitedTwice/SecondVisitReason:WomanInStorages/SecondVisit:CassNotInCuratorsOffice,,JonathanVisitedCass,,,,,player,Where could Cass have been in your second visit?,,,Inquiry:Jonathan2ndVisit:CassLocation,,,,,,
custodian,,,,InjuryTime:BeforeClosing/InjuryCause:BrokenCabinet,,CassandrasInjury,,,,,player,Did you know about Cassandra's injury? She said she got it before the museum closed{comma} the night of the plinth's disappearance.,,,InjuryTime:BeforeClosing,,,,,,
custodian,,,,InjuryCause:BrokenCabinet/InjuryTime:BeforeClosing,,CassandrasInjury,,neut,,,player,A steel cabinet in the storage room cut Cass's arm. You should get that fixed. I'll ask the director about it too.,,,InjuryCause:BrokenCabinet,,2,,,,
custodian,,,,CassandraThreatenedToQuit,Confrontation,CassandrasOutburst,,,,,player,She did that?! It doesn't feel possible{comma} she loved the museum.,,,PlayerDisbelief:CassandraThreatendeToQuit,,,,,,
custodian,,,,CassandraThreatenedToQuit,Confrontation,CassandrasOutburst,,,,,player,I have to ask someone else about this{comma} if you're sure you overheard that. (Leave),,,,,,,,TRUE,
custodian,,,,DirectorMissing,,LookingForDirector,,,,,player,I need some help with finding the director. I need clues.,,,PlayerAskedForHelp:custodian,,,,,,
custodian,,,,DeclinedToHelp:custodian,,BefriendingCustodian/LookingForDirector,,,,,player,So how was your weekend{comma} {activeNPC}?,,,PlayerAskedAboutWeekend,,,,,,
custodian,,,,DeclinedToHelp:custodian/CustodiansWeekend:Good,,BefriendingCustodian/LookingForDirector,,,,,player,I'm glad that it was good. What were you doing the entire weekend?,,,PlayerAskedAboutWeekend:Good,,,,,,
custodian,,,,DeclinedToHelp:custodian/CustodiansWeekend:Bad,,LookingForDirector,,,,,player,Are you sure you don't want to help? I promise I'll just borrow the keys just this once! It's an emergency!,,,,,,,,,
custodian,,,,DeclinedToHelp:custodian/CustodiansWeekend:Good/CustodiansInterest:Fishing,,BefriendingCustodian,,neut,,,player,Ah{comma} that's... too bad. I'm sorry I asked. Did you do something any way?,,,PlayerAskedAboutWeekend:Bad,,,,,,
custodian,,,,DeclinedToHelp:custodian/CustodiansWeekend:Good/CustodiansInterest:Baking,,BefriendingCustodian,,pos,,,player,Woah{comma} that's cute! Do you mostly just bake for family?,,,CustodianBakes:ForWhom,,,,,,
custodian,,,,DeclinedToHelp:custodian/CustodiansWeekend:Good/CustodiansInterest:Knitting,,BefriendingCustodian,,,,,player,What about knitting makes you enjoy it? I'm curious.,,,Knitting:Reason,,,,,,
custodian,,,,DeclinedToHelp:custodian/CustodiansWeekend:Good/CustodiansInterest:Fishing,,BefriendingCustodian,,,,,player,I see. Where do you often fish?,,,CustodianFishes:Where,,,,,,
custodian,,,,DeclinedToHelp:custodian/CustodiansWeekend:Good/CustodiansInterest:Fishing,,BefriendingCustodian,,,,,player,Oh{comma} I'm sorry I asked! Did you at least do something in that time?,,,PlayerAskedAboutWeekend:Bad,,1,,,,
custodian,,,,DeclinedToHelp:custodian/CustodiansWeekend:Good/CustodiansInterest:Baking,,BefriendingCustodian,,neg,,,player,Oh wow! Can you bake for me?,,,CustodianBakes:PlayerAskedThemToBake,,-1,,,,
custodian,,,,DeclinedTohelp:custodian,,BefriendingCustodian,,,,,player,I want to talk about your family.,,,CustodiansFamily,,,,,,
custodian,,,,DeclinedToHelp:custodian/CustodiansWeekend:Good/CustodiansInterest:Knitting,,BefriendingCustodian,,neg,,,player,Can you make me a sweater?,,,CustodianKnits:PlayerAskedForASweater,,,,,,
custodian,,,,DeclinedToHelp:custodian/CustodiansWeekend:Good/CustodiansInterest:Knitting,,BefriendingCustodian,,neut,,,player,I actually started to wonder: does knitting make holiday gifts any easier?,,,Knitting:Holidays,,1,,,,
custodian,,,,DeclinedToHelp:custodian/CustodiansWeekend:Good/CustodiansInterest:Knitting/Knitting:Holidays/CustodiansFamily,,BefriendingCustodian,,pos,,,player,I'm glad your family appreciates them. I would too{comma} since you probably hand-made them with love.,,,,,3,,,,
custodian,,,,DeclinedToHelp:custodian/CustodiansWeekend:Good/CustodiansInterest:Knitting/Knitting:Holidays/CustodiansFamily/CustodiansFamily:Daughter,,BefriendingCustodian,,,,Floor1,player,Awww{comma} I'm sure your daughter appreciates all the gifts you have given her through the years.,,,,,,,,,
custodian,,,,DeclinedToHelp:custodian/CustodiansWeekend:Good/CustodiansInterest:Knitting/Knitting:Holidays/CustodiansFamily/CustodiansFamily:Daughter,,BefriendingCustodian,,,,Floor1,player,You knit for her birthday as well{comma} right? How{comma} when I see you so often in the museum cleaning up the mess made by the tourists?,,,DaughtersBirthday:HowKnit,,1,,,,
custodian,,,,DeclinedToHelp:custodian/CustodiansWeekend:Good/CustodiansInterest:Baking/CustodiansFamily/CustodiansFamily:Daughter,,BefriendingCustodian,,,,Floor1,player,What happens when your daughter's birthday falls on a weekday?,,,DaughtersBirthday:HowBake,,1,,,,
custodian,,,,DeclinedToHelp:custodian/CustodiansFamily:Daughter/DaughterBirthday,,BefriendingCustodian,,,,Floor2,player,Do you pick up the slack when {id:NPCInteraction_Floor1_custodian_0} goes home during his daughter's birthday?,,,CustodiansFamily:Daughter/DaughterBirthday,,,,,,
custodian,,,,DeclinedToHelp:custodian/CustodiansInterest:Fishing,,BefriendingCustodian,,,,,player,I actually want to try fishing. Though... I don't know where to begin.,,,Fishing:Tips,,3,,,,
custodian,,,,DeclinedToHelp:custodian/CustodiansInterest:Knitting,,BefriendingCustodian,,,,,player,I actually want to try knitting. It seems pretty time consuming though. Any tips?,,,Knitting:Tips,,3,,,,
custodian,,,,DeclinedToHelp:custodian/CustodiansInterest:Baking,,BefriendingCustodian,,,,,player,I actually want to try baking. How did you get started?,,,Baking:Tips,,3,,,,
custodian,,,,DeclinedToHelp:custodian/CustodiansInterest:Writing,,BefriendingCustodian,,,,,player,I actually want to try writing. I'm bad at it{comma} though.,,,Writing:Tips,,3,,,,
custodian,,,,DeclinedToHelp:custodian,,BefriendingCustodian,,,,,player,What about your family? Who are you closest to?,,,CustodiansFamily,,,,,,
custodian,,,,DeclinedToHelp:custodian/StaffRoomPadlock,,BefriendingCustodian,,,,Floor2,player,Oh{comma} you have sisters! Do you have other family?,,,CustodiansFamily:Others,,,,,,
custodian,,,good,DeclinedToHelp:custodian/CustodiansFamily:Daughter/DaughterBirthday/CustodiansInterest:Knitting,,BefriendingCustodian,,,,Floor1,player,Are you knitting something for her upcoming birthday{comma} then?,,,CustodiansDaughter:Gift,,,,,,
custodian,,,good,DeclinedToHelp:custodian/CustodiansFamily:Daughter/DaughterBirthday/CustodiansInterest:Baking,,BefriendingCustodian,,,,Floor1,player,Are you baking something for her upcoming birthday{comma} then?,,,CustodiansDaughter:Gift,,,,,,
custodian,,,good,DeclinedToHelp:custodian/CustodiansFamily:Daughter/DaughterBirthday,,BefriendingCustodian,,,,Floor1,player,Is there something you want to do for her birthday?,,,CustodiansDaughter:Gift,,,,,,
main_jonathan,,,,WomanInStorage/WomanInStorage:Beth/FounderIdentity:Beth/NoWomanInStorages/JonathansThoughtsOnFounder/DirectorAttractsBadPeople/DirectorTrustsJonathan,,CameraInTheStorageRoom,,,,,player,Why do you think that of the founder?,,,JonathansThoughts:Founder,,,,,,
any_receiver,,,,ShowItem:cass_storage_key/KeyInDirectorsOffice,PlayerEnterDirectorsOffice,DirectorsOffice,,,,,player,Here's the key I found in the director's office. Do you know whose key it is?,,,ShowItem:cass_storage_key,,,,,,
assistant,,,,CustodiansFamily:Daughter/DaughterBirthday/DaughterBirthday:ShorterWorkDay,,BefriendingCustodian,,,,,player,Hey{comma} {id:NPCInteraction_Floor2_assistant_0}. Do you happen to know when {id:NPCInteraction_Floor1_custodian_0} asked for a short work day?,,,DaughtersBirthday:ShortWorkday,,,,,,
custodian,,,,CustodiansFamily:Daughter/DaughterBirthday/DaughterBirthday:CustodianHelp,,BefriendingCustodian,,,,Floor2,player,When was the last time you helped him out then?,,,Inquiry:CustodianHelpedWhen,,,,,,
custodian,,,,NPCInteraction_Floor1_custodian_0:TalkedToCass/InjuryTime:BeforeClosing/InjuryCause:BrokenCabinet,,CassandrasInjury,,,,Floor2,player,I heard from {id:NPCInteraction_Floor1_custodian_0} that you talked to Cassandra the night the plinth went missing. She was injured at the time.,,,NPCInteraction_Floor1_custodian_0:TalkedToCass/InjuryTime:BeforeClosing/InjuryCause:BrokenCabinet,NPCInteraction_Floor1_custodian_0:TalkedToCass/InjuryTime:BeforeClosing/InjuryCause:BrokenCabinet,,,,,
any_receiver,,,,ArtifactNotFound/PlayerAskedDirectorWhereabouts,,LookingForDirector,,,,,player,The plinth for the Aurora exhibit is missing{comma} so I was hoping to report it.,,,PlayerAskedDirectorWhereabouts:Reason,PlayerAskedDirectorWhereabouts:Reason,,,,,
any_receiver,,,,ShowItem:cass_storage_key,PlayerEnterDirectorsOffice,DirectorsOffice,,,,,player,I found this key in the director's office. Do you know whose key it is?,,,ShowItem:cass_storage_key,,,,,,
main_cassandra,,,,NextSteps:Cass:GoToOffice/PlayerDemeanor:Nervous,,DirectorMissing,,,,,player,Y-you're right. I'll go see what I can do.,,,,,,,,TRUE,
assistant,,,,Assistant:GaveKeysToCustodian,,DirectorMissing,,,,,player,Really? How do I get them?,,,Inquiry:AssistantsExtraKey,,,,,,
assistant,,,,DeclinedToHelp:assistant/Assistant:AfraidOfDirector,,ConvincingAssistant,,,,,player,I know you're terrified of him. He's harsh on you. Do you really think he won't blame you for losing an important artifact?,,,PlayerSays:AssistantAfraid,PlayerSays:AssistantAfraid,,,,,
custodian,,,,DirectorBroughtStatue,,Investigation:Director,,,,,player,Did you see the director bring something into the storage room?,,,DirectorBroughtStatue,,,,,,
any_receiver,,,,ShowItem:statue,SolvedVasePuzzle:FoundStatue,TheStatue,,,,,player,I found the statue to the missing plinth. Here it is.,,,ShowItem:statue,,,,,,
main_cassandra,,,,ShowItem:statue,SolvedVasePuzzle:FoundStatue,TheStatue,,,,,player,Isn't this the statue to the missing plinth?,,,ShowItem:statue,,,,,,
any_receiver,,,,,SolvedVasePuzzle:FoundStatue,TheStatue,,,,,player,I found a statue in the storage room.,,,FoundStatue:Location,,,,,,
any_receiver,,,,ShowItem:statue,SolvedVasePuzzle:FoundStatue,TheStatue,,,,,player,I found it in the storage room.,,,FoundStatue:Location,,,,,,
main_cassandra,,,,DirectorBroughtStatue,SolvedVasePuzzle:FoundStatue,TheStatue,,,,,player,Apparently the statue was brought by the director. It was... from the founder.,,,DirectorBroughtStatue,,,,,,
main_cassandra,,,,DirectorBroughtStatue,SolvedVasePuzzle:FoundStatue,TheStatue,,neg,,,player,Your accusations hold no water. I just learned that the director *brought* the statue. Why would he bring the statue if he would sell the plinth?,,,DirectorBroughtStatue,,,,,,
any_receiver,,,,FounderIdentity:Beth:Confirmed,Confrontation,Investigation:Director,,,,,player,I found out that Beth is the name of the founder.,,,FounderIdentity:Beth:Confirmed,,,,,,
main_cassandra,,,,FounderIdentity:Beth:Confirmed/WhoIsBeth:Cassandra,Confrontation,Investigation:Director,,,,,player,You were right -- Beth is the name of the museum's founder.,,,FounderIdentity:Beth:Confirmed,,,,,,
main_jonathan,,,,VoicemailFromWife,,Investigation:Director,,,,,player,Do you happen to know anything about director Virgil's relationship with his wife?,,,PlayerAskedAboutWife,PlayerAskedAboutWife,,,,,
main_jonathan,,,,VoicemailFromWife/PlayerAskedAboutWife,,Investigation:Director,,,,,player,I just heard a little voicemail while investigating the director's office. They seem to have some marital troubles. Do you happen to know why?,,,VoicemailFromWife/PlayerAskedAboutWife:Reason:Truth,VoicemailFromWife/PlayerAskedAboutWife:Reason:Truth,,,,,
main_jonathan,,,,VoicemailFromWife/PlayerAskedAboutWife/FriendsWithDirector:Jonathan,,Investigation:Director,,,,,player,Just a shot in the dark. I know you're close with the director{comma} so I was wondering if you knew anything.,,,VoicemailFromWife/PlayerAskedAboutWife:Reason:Lie,VoicemailFromWife/PlayerAskedAboutWife:Reason:Lie,,,,,
main_jonathan,,,,VoicemailFromWife/PlayerAskedAboutWife,,Investigation:Director,,,,,player,Just a shot in the dark.,,,VoicemailFromWife/PlayerAskedAboutWife:Reason:Lie,VoicemailFromWife/PlayerAskedAboutWife:Reason:Lie,,,,,
main_jonathan,,,,NoWomanInStorages,,CameraInTheStorageRoom,,,,,player,I checked the cameras. Sorry if I didn't ask. There appears to be no suspicious person in the storage area at the time of the plinth's disappearance.,,,NoSuspiciousPersonInCameras,NoSuspiciousPersonInCameras,,,,,
assistant,,,,LockedDoor,,LockedDoor,,,,,player,I notice the door to the director's office is locked. Did you lock it?,,,LockedDoor,,,,,,
main_cassandra,,,,LockedDoor,,LockedDoor,,,,,player,Were you in the director's office recently? I was going to check for clues{comma} but it's locked.,,,LockedDoor,,,,,,
main_jonathan,,,,LockedDoor,,LockedDoor,,,,,player,Do you happen to have a key to the director's office? It's locked.,,,LockedDoor,,,,,,
custodian,,,,LockedDoor,,LockedDoor,,,,,player,Can you open the director's office for me?,,,LockedDoor/PlayerAskedForHelp,PlayerAskedForHelp:assistant,,,,,
assistant,,,,LockedDoor/AssistantLocksTheDoor,,LockedDoor,,,,,player,When you last went to the office{comma} did you find anything suspicious?,,,Inquiry:DirectorsOfficeClues,,,,,,
assistant,,,,LockedDoor/AssistantLocksTheDoor,,LockedDoor,,,,,player,Can you help me get into the office?,,,PlayerAskedForHelp,PlayerAskedForHelp:assistant,,,,,
custodian,,,,Assistant:GaveKeysToCustodian,,LockedDoor,,,,,player,I heard the assistant gave a key to the director's office to one of you guys. The door is locked{comma} so... Can I have them?,,,Assistant:GaveKeysToCustodian,,,,,,